id,commonName,placeType,lat,lon
BikePoints_1,"River Street , Clerkenwell",BikePoint,51.529163,-0.10997
BikePoints_2,"Phillimore Gardens, Kensington",BikePoint,51.499606,-0.197574
BikePoints_3,"Christopher Street, Liverpool Street",BikePoint,51.521283,-0.084605
BikePoints_4,"St. Chad's Street, King's Cross",BikePoint,51.530059,-0.120973
BikePoints_5,"Sedding Street, Sloane Square",BikePoint,51.49313,-0.156876
BikePoints_6,"Broadcasting House, Marylebone",BikePoint,51.518117,-0.144228
BikePoints_7,"Charlbert Street, St. John's Wood",BikePoint,51.5343,-0.168074
BikePoints_8,"Maida Vale, Maida Vale",BikePoint,51.529857,-0.183486
BikePoints_9,"New Globe Walk, Bankside",BikePoint,51.507385,-0.09644
BikePoints_10,"Park Street, Bankside",BikePoint,51.505974,-0.092754
BikePoints_11,"Brunswick Square, Bloomsbury",BikePoint,51.523951,-0.122502
BikePoints_12,"Malet Street, Bloomsbury",BikePoint,51.52168,-0.130431
BikePoints_13,"Scala Street, Fitzrovia",BikePoint,51.519914,-0.136039
BikePoints_14,"Argyle Street, Kings Cross",BikePoint,51.529416,-0.123944
BikePoints_15,"Great Russell Street, Bloomsbury",BikePoint,51.517727,-0.127854
BikePoints_16,"Cartwright Gardens , Bloomsbury",BikePoint,51.526357,-0.125979
BikePoints_17,"Hatton Wall, Holborn",BikePoint,51.521661,-0.109006
BikePoints_18,"Drury Lane, Covent Garden",BikePoint,51.51477,-0.122219
BikePoints_19,"Taviton Street, Bloomsbury",BikePoint,51.52505,-0.131161
BikePoints_20,"Drummond Street , Euston",BikePoint,51.527326,-0.136052
BikePoints_21,"Lansdowne Drive, Hackney Central",BikePoint,51.539834,-0.062806
BikePoints_22,"Northington Street , Holborn",BikePoint,51.522264,-0.114079
BikePoints_23,"Red Lion Square, Holborn",BikePoint,51.519435,-0.119123
BikePoints_24,"British Museum, Bloomsbury",BikePoint,51.51908,-0.124678
BikePoints_25,"Doric Way , Somers Town",BikePoint,51.528833,-0.13225
BikePoints_26,"Ampton Street , Clerkenwell",BikePoint,51.52728,-0.118295
BikePoints_28,"Bolsover Street, Fitzrovia",BikePoint,51.523518,-0.143613
BikePoints_29,"Hereford Road, Bayswater",BikePoint,51.513735,-0.193487
BikePoints_30,"Windsor Terrace, Hoxton",BikePoint,51.529154,-0.093421
BikePoints_31,"Fanshaw Street, Hoxton",BikePoint,51.529537,-0.083353
BikePoints_33,"Central House, Aldgate",BikePoint,51.515231,-0.07015
BikePoints_34,"Pancras Road, King's Cross",BikePoint,51.534123,-0.129386
BikePoints_36,"De Vere Gardens, Kensington",BikePoint,51.501737,-0.18498
BikePoints_37,"Penywern Road, Earl's Court",BikePoint,51.491593,-0.192369
BikePoints_38,"Abingdon Villas, Kensington",BikePoint,51.497387,-0.197245
BikePoints_39,"Shoreditch High Street, Shoreditch",BikePoint,51.526377,-0.07813
BikePoints_40,"Commercial Street, Shoreditch",BikePoint,51.52127,-0.075578
BikePoints_41,"Pindar Street, Liverpool Street",BikePoint,51.520955,-0.083493
BikePoints_42,"Wenlock Road , Hoxton",BikePoint,51.530991,-0.093903
BikePoints_43,"Crawford Street, Marylebone",BikePoint,51.52026,-0.157183
BikePoints_44,"Bruton Street, Mayfair",BikePoint,51.510736,-0.144165
BikePoints_45,"Boston Place, Marylebone",BikePoint,51.522511,-0.162298
BikePoints_46,"Nesham Street, Wapping",BikePoint,51.507131,-0.06691
BikePoints_47,"Warwick Avenue Station, Maida Vale",BikePoint,51.523344,-0.183846
BikePoints_48,"Godliman Street, St. Paul's",BikePoint,51.512484,-0.099141
BikePoints_49,"Curzon Street, Mayfair",BikePoint,51.507069,-0.145904
BikePoints_50,"East Road, Hoxton",BikePoint,51.528673,-0.087459
BikePoints_51,"Finsbury Library , Finsbury",BikePoint,51.526717,-0.104298
BikePoints_52,"Roscoe Street, St. Luke's",BikePoint,51.522954,-0.094934
BikePoints_53,"Grafton Street, Mayfair",BikePoint,51.509992,-0.143495
BikePoints_54,"Golden Lane, Barbican",BikePoint,51.521747,-0.094475
BikePoints_55,"Finsbury Circus, Liverpool Street",BikePoint,51.517075,-0.086685
BikePoints_56,"Paddington Street, Marylebone",BikePoint,51.520583,-0.154701
BikePoints_57,"Guilford Street , Bloomsbury",BikePoint,51.523346,-0.120202
BikePoints_58,"New Inn Yard, Shoreditch",BikePoint,51.524526,-0.079248
BikePoints_60,"Lisson Grove, St. John's Wood",BikePoint,51.526448,-0.17219
BikePoints_61,"Great Dover Street, The Borough",BikePoint,51.497382,-0.089446
BikePoints_62,"Cotton Garden Estate, Kennington",BikePoint,51.490757,-0.106323
BikePoints_63,"Murray Grove , Hoxton",BikePoint,51.53089,-0.089782
BikePoints_64,"William IV Street, Strand",BikePoint,51.509462,-0.124749
BikePoints_65,"Gower Place , Euston",BikePoint,51.525227,-0.135188
BikePoints_66,"Holborn Circus, Holborn",BikePoint,51.51795,-0.108657
BikePoints_67,"Hatton Garden, Holborn",BikePoint,51.518825,-0.108028
BikePoints_68,"Theobald's Road , Holborn",BikePoint,51.520596,-0.116688
BikePoints_69,"Euston Road, Euston",BikePoint,51.526236,-0.134407
BikePoints_70,"Calshot Street , King's Cross",BikePoint,51.53136,-0.117069
BikePoints_71,"Newgate Street , St. Paul's",BikePoint,51.515768,-0.099894
BikePoints_72,"Farringdon Lane, Clerkenwell",BikePoint,51.52352,-0.10834
BikePoints_73,"Old Street Station, St. Luke's",BikePoint,51.525615,-0.088532
BikePoints_74,"Vauxhall Cross, Vauxhall",BikePoint,51.485917,-0.124469
BikePoints_75,"Torrens Street, Angel",BikePoint,51.532199,-0.10548
BikePoints_76,"Longford Street, The Regent's Park",BikePoint,51.525595,-0.144083
BikePoints_77,"Russell Square Station, Bloomsbury",BikePoint,51.523418,-0.124121
BikePoints_78,"Sadlers Sports Centre, Finsbury",BikePoint,51.524868,-0.099489
BikePoints_79,"Arundel Street, Temple",BikePoint,51.511726,-0.113855
BikePoints_80,"Webber Street , Southwark",BikePoint,51.500693,-0.102091
BikePoints_81,"Great Titchfield Street, Fitzrovia",BikePoint,51.520253,-0.141327
BikePoints_83,"Panton Street, West End",BikePoint,51.509639,-0.13151
BikePoints_84,"Breams Buildings, Holborn",BikePoint,51.515937,-0.111778
BikePoints_85,"Tanner Street, Bermondsey",BikePoint,51.500647,-0.0786
BikePoints_86,"Sancroft Street, Vauxhall",BikePoint,51.489479,-0.115156
BikePoints_88,"Percy Street, Bloomsbury",BikePoint,51.51863,-0.132676
BikePoints_89,"Tavistock Place, Bloomsbury",BikePoint,51.52625,-0.123509
BikePoints_90,"Harrington Square 1, Camden Town",BikePoint,51.533019,-0.139174
BikePoints_91,"Walnut Tree Walk, Vauxhall",BikePoint,51.493686,-0.111014
BikePoints_92,"Borough Road, Elephant & Castle",BikePoint,51.498898,-0.10044
BikePoints_93,"Cloudesley Road, Angel",BikePoint,51.534408,-0.109025
BikePoints_94,"Bricklayers Arms, Borough",BikePoint,51.495061,-0.085814
BikePoints_95,"Aldersgate Street, Barbican",BikePoint,51.520841,-0.09734
BikePoints_96,"Falkirk Street, Hoxton",BikePoint,51.53095,-0.078505
BikePoints_97,"Gloucester Road (North), Kensington",BikePoint,51.497924,-0.183834
BikePoints_98,"Hampstead Road, Euston",BikePoint,51.525542,-0.138231
BikePoints_101,"Queen Street 1, Bank",BikePoint,51.511553,-0.09294
BikePoints_102,"Jewry Street, Aldgate",BikePoint,51.513406,-0.076793
BikePoints_103,"Vicarage Gate, Kensington",BikePoint,51.504723,-0.192538
BikePoints_104,"Crosswall, Tower",BikePoint,51.511594,-0.077121
BikePoints_105,"Westbourne Grove, Bayswater",BikePoint,51.515529,-0.19024
BikePoints_106,"Woodstock Street, Mayfair",BikePoint,51.514105,-0.147301
BikePoints_107,"Finsbury Leisure Centre, St. Luke's",BikePoint,51.526008,-0.096317
BikePoints_109,"Soho Square , Soho",BikePoint,51.515631,-0.132328
BikePoints_110,"Wellington Road, St. John's Wood",BikePoint,51.533043,-0.172528
BikePoints_111,"Park Lane , Hyde Park",BikePoint,51.510017,-0.157275
BikePoints_112,"Stonecutter Street, Holborn",BikePoint,51.515809,-0.10527
BikePoints_113,"Gloucester Road (Central), South Kensington",BikePoint,51.496462,-0.183289
BikePoints_114,"Park Road (Baker Street), The Regent's Park",BikePoint,51.524517,-0.158963
BikePoints_115,"Braham Street, Aldgate",BikePoint,51.514233,-0.073537
BikePoints_116,"Little Argyll Street, West End",BikePoint,51.514499,-0.141423
BikePoints_117,"Lollard Street, Vauxhall",BikePoint,51.49288,-0.114934
BikePoints_118,"Rochester Row, Westminster",BikePoint,51.495827,-0.135478
BikePoints_119,"Bath Street, St. Luke's",BikePoint,51.525893,-0.090847
BikePoints_120,"The Guildhall, Guildhall",BikePoint,51.515735,-0.09308
BikePoints_121,"Baker Street, Marylebone",BikePoint,51.518913,-0.156166
BikePoints_122,"Norton Folgate, Liverpool Street",BikePoint,51.521113,-0.078869
BikePoints_123,"St. John Street, Finsbury",BikePoint,51.52836,-0.104724
BikePoints_124,"Eaton Square, Belgravia",BikePoint,51.496544,-0.150905
BikePoints_125,"Borough High Street, The Borough",BikePoint,51.500694,-0.094524
BikePoints_126,"Museum of London, Barbican",BikePoint,51.517821,-0.096496
BikePoints_127,"Wood Street, Guildhall",BikePoint,51.517008,-0.093885
BikePoints_128,"Emperor's Gate, South Kensington",BikePoint,51.495362,-0.185296
BikePoints_129,"Golden Square, Soho",BikePoint,51.511897,-0.137043
BikePoints_130,"Tower Gardens , Tower",BikePoint,51.509506,-0.075459
BikePoints_131,"Eversholt Street , Camden Town",BikePoint,51.533005,-0.136792
BikePoints_132,"Bethnal Green Road, Shoreditch",BikePoint,51.523648,-0.074754
BikePoints_133,"Derry Street, Kensington",BikePoint,51.501364,-0.191462
BikePoints_134,"Wapping High Street, Wapping",BikePoint,51.504904,-0.06797
BikePoints_135,"Clerkenwell Green, Clerkenwell",BikePoint,51.52326,-0.104708
BikePoints_136,"Queen Victoria Street, St. Paul's",BikePoint,51.511961,-0.097441
BikePoints_138,"Green Street, Mayfair",BikePoint,51.512276,-0.157436
BikePoints_139,"Lambeth Road, Vauxhall",BikePoint,51.494881,-0.117974
BikePoints_140,"Finsbury Square , Moorgate",BikePoint,51.520962,-0.085634
BikePoints_141,"Chapel Place, Marylebone",BikePoint,51.515308,-0.147203
BikePoints_142,"West Cromwell Road, Earl's Court",BikePoint,51.493724,-0.198286
BikePoints_143,"Pont Street, Knightsbridge",BikePoint,51.496886,-0.161203
BikePoints_144,"Kennington Cross, Kennington",BikePoint,51.48894,-0.111435
BikePoints_145,"Ilchester Place, Kensington",BikePoint,51.500743,-0.202759
BikePoints_146,"Vauxhall Bridge , Pimlico",BikePoint,51.488365,-0.129361
BikePoints_147,"Portugal Street, Holborn",BikePoint,51.514943,-0.116146
BikePoints_148,"Tachbrook Street, Victoria",BikePoint,51.492111,-0.138364
BikePoints_149,"Kennington Road Post Office, Oval",BikePoint,51.484788,-0.110683
BikePoints_150,"Holy Trinity Brompton, Knightsbridge",BikePoint,51.497056,-0.168917
BikePoints_151,"Chepstow Villas, Notting Hill",BikePoint,51.512136,-0.201554
BikePoints_152,"Hampton Street, Walworth",BikePoint,51.49217,-0.101536
BikePoints_153,"Bayswater Road, Hyde Park",BikePoint,51.511933,-0.174411
BikePoints_154,"Waterloo Station 3, Waterloo",BikePoint,51.503791,-0.112824
BikePoints_155,"Lexham Gardens, Kensington",BikePoint,51.495866,-0.191933
BikePoints_156,"New Kent Road, The Borough",BikePoint,51.494436,-0.092921
BikePoints_157,"Wright's Lane, Kensington",BikePoint,51.500397,-0.193068
BikePoints_158,"Trebovir Road, Earl's Court",BikePoint,51.490853,-0.19617
BikePoints_160,"Waterloo Place, St. James's",BikePoint,51.506633,-0.131773
BikePoints_161,"Guildhouse Street, Victoria",BikePoint,51.492345,-0.141334
BikePoints_162,"Southampton Place, Holborn",BikePoint,51.517606,-0.121328
BikePoints_163,"Sloane Avenue, Knightsbridge",BikePoint,51.493184,-0.167894
BikePoints_164,"Cleveland Gardens, Bayswater",BikePoint,51.515607,-0.183118
BikePoints_165,"Orsett Terrace, Bayswater",BikePoint,51.517932,-0.183716
BikePoints_166,"Seville Street, Knightsbridge",BikePoint,51.501855,-0.159237
BikePoints_167,"Eccleston Place, Victoria",BikePoint,51.49395,-0.147624
BikePoints_168,"Argyll Road, Kensington",BikePoint,51.500401,-0.195455
BikePoints_169,"Porchester Place, Paddington",BikePoint,51.514746,-0.165164
BikePoints_170,"Hardwick Street, Clerkenwell",BikePoint,51.527842,-0.108068
BikePoints_171,"Collingham Gardens, Earl's Court",BikePoint,51.491615,-0.186753
BikePoints_172,"Sumner Place, South Kensington",BikePoint,51.491211,-0.173715
BikePoints_173,"Waterloo Road, South Bank",BikePoint,51.50486,-0.113001
BikePoints_175,"Worship Street, Shoreditch",BikePoint,51.521668,-0.079608
BikePoints_176,"Gloucester Terrace, Bayswater",BikePoint,51.517919,-0.188098
BikePoints_177,"Ashley Place, Victoria",BikePoint,51.49616,-0.140947
BikePoints_178,"Warwick Square, Pimlico",BikePoint,51.489856,-0.141923
BikePoints_180,"North Audley Street, Mayfair",BikePoint,51.512911,-0.153645
BikePoints_181,"Belgrave Square, Belgravia",BikePoint,51.499412,-0.152317
BikePoints_182,"Bell Street , Marylebone",BikePoint,51.522029,-0.165842
BikePoints_183,"Riverlight North, Nine Elms",BikePoint,51.482362,-0.136123
BikePoints_184,"Portland Place, Marylebone",BikePoint,51.520715,-0.145211
BikePoints_185,"Alderney Street, Pimlico",BikePoint,51.488057,-0.140741
BikePoints_186,"South Wharf Road, Paddington",BikePoint,51.517335,-0.17581
BikePoints_187,"Queen's Gate (South), South Kensington",BikePoint,51.492479,-0.178433
BikePoints_188,"Nutford Place, Marylebone",BikePoint,51.516517,-0.164393
BikePoints_189,"Claremont Square, Angel",BikePoint,51.531666,-0.109914
BikePoints_190,"Rampayne Street, Pimlico",BikePoint,51.489975,-0.132845
BikePoints_191,"Hyde Park Corner, Hyde Park",BikePoint,51.503117,-0.15352
BikePoints_192,"Wardour Street, Soho",BikePoint,51.512515,-0.133201
BikePoints_193,"Bankside Mix, Bankside",BikePoint,51.505817,-0.100186
BikePoints_194,"Hop Exchange, The Borough",BikePoint,51.504627,-0.091773
BikePoints_195,"Milroy Walk, South Bank",BikePoint,51.507244,-0.106237
BikePoints_196,"Union Street, The Borough",BikePoint,51.503688,-0.098497
BikePoints_197,"Stamford Street, South Bank",BikePoint,51.505569,-0.111606
BikePoints_199,"Great Tower Street, Monument",BikePoint,51.510484,-0.082989
BikePoints_200,"LMU Commercial Road, Whitechapel",BikePoint,51.514924,-0.066078
BikePoints_201,"Dorset Square, Marylebone",BikePoint,51.522596,-0.161113
BikePoints_202,"Leman Street, Aldgate",BikePoint,51.512363,-0.069542
BikePoints_203,"West Smithfield Rotunda, Farringdon",BikePoint,51.518218,-0.100791
BikePoints_204,"Margery Street, Clerkenwell",BikePoint,51.526599,-0.112432
BikePoints_205,"New Road  2, Whitechapel",BikePoint,51.518144,-0.06275
BikePoints_206,"New Road 1 , Whitechapel",BikePoint,51.518154,-0.062697
BikePoints_207,"Grosvenor Crescent, Belgravia",BikePoint,51.501352,-0.153194
BikePoints_208,"Mallory Street, Marylebone",BikePoint,51.525051,-0.166304
BikePoints_209,"Denyer Street, Knightsbridge",BikePoint,51.493583,-0.165101
BikePoints_210,"Hinde Street, Marylebone",BikePoint,51.516814,-0.151926
BikePoints_211,"Cadogan Place, Knightsbridge",BikePoint,51.494645,-0.158105
BikePoints_212,"Campden Hill Road, Notting Hill",BikePoint,51.506584,-0.199004
BikePoints_213,"Wellington Arch, Hyde Park",BikePoint,51.50274,-0.149569
BikePoints_214,"Endsleigh Gardens, Euston",BikePoint,51.526838,-0.130504
BikePoints_215,"Moorfields, Moorgate",BikePoint,51.519069,-0.088285
BikePoints_216,"Old Brompton Road, South Kensington",BikePoint,51.490945,-0.18119
BikePoints_217,"Wormwood Street, Liverpool Street",BikePoint,51.516154,-0.082422
BikePoints_218,"St. Luke's Church, Chelsea",BikePoint,51.489716,-0.170194
BikePoints_219,"Bramham Gardens, Earl's Court",BikePoint,51.490163,-0.190393
BikePoints_220,"Chelsea Green, Chelsea",BikePoint,51.490664,-0.166485
BikePoints_221,"Horseferry Road, Westminster",BikePoint,51.494816,-0.130458
BikePoints_222,"Knightsbridge, Hyde Park",BikePoint,51.502757,-0.155349
BikePoints_223,"Rodney Road , Walworth",BikePoint,51.491484,-0.09022
BikePoints_224,"Queensway, Kensington Gardens",BikePoint,51.51031,-0.187402
BikePoints_225,"Notting Hill Gate Station, Notting Hill",BikePoint,51.509353,-0.196422
BikePoints_226,"Charles II Street, West End",BikePoint,51.508446,-0.131961
BikePoints_227,"Great Percy Street, Clerkenwell",BikePoint,51.528915,-0.11548
BikePoints_228,"St. James's Square, St. James's",BikePoint,51.507424,-0.134621
BikePoints_229,"Whitehall Place, Strand",BikePoint,51.506543,-0.123179
BikePoints_230,"Poured Lines, Bankside",BikePoint,51.506692,-0.103137
BikePoints_231,"Queen's Gate (Central), South Kensington",BikePoint,51.493967,-0.178732
BikePoints_232,"Carey Street, Holborn",BikePoint,51.51501,-0.112753
BikePoints_233,"Pall Mall East, West End",BikePoint,51.50777,-0.130699
BikePoints_234,"Liverpool Road (N1 Centre), Angel",BikePoint,51.534504,-0.106992
BikePoints_235,"Kennington Road, Vauxhall",BikePoint,51.495718,-0.110889
BikePoints_236,"Fashion Street, Whitechapel",BikePoint,51.51838,-0.073438
BikePoints_238,"Frampton Street, Paddington",BikePoint,51.523353,-0.175116
BikePoints_239,"Warren Street Station, Euston",BikePoint,51.524438,-0.138019
BikePoints_240,"Colombo Street, Southwark",BikePoint,51.505459,-0.105692
BikePoints_242,"Beaumont Street, Marylebone",BikePoint,51.522008,-0.151359
BikePoints_243,"Gloucester Street, Pimlico",BikePoint,51.490962,-0.139625
BikePoints_244,"Bucknall Street, Covent Garden",BikePoint,51.51615,-0.128417
BikePoints_245,"Grosvenor Road, Pimlico",BikePoint,51.485357,-0.142207
BikePoints_246,"Berry Street, Clerkenwell",BikePoint,51.522853,-0.099994
BikePoints_247,"St. John's Wood Church, The Regent's Park",BikePoint,51.530529,-0.167515
BikePoints_248,"Triangle Car Park, Hyde Park",BikePoint,51.506451,-0.170279
BikePoints_249,"Harper Road, The Borough",BikePoint,51.498597,-0.096191
BikePoints_250,"Royal Avenue 1, Chelsea",BikePoint,51.489932,-0.162727
BikePoints_251,"Brushfield Street, Liverpool Street",BikePoint,51.518908,-0.079249
BikePoints_253,"Shoreditch Park, Hoxton",BikePoint,51.534042,-0.086379
BikePoints_255,"Clifton Road, Maida Vale",BikePoint,51.525575,-0.179592
BikePoints_256,"Houghton Street, Strand",BikePoint,51.51362,-0.116764
BikePoints_257,"Westminster University, Marylebone",BikePoint,51.522481,-0.154907
BikePoints_258,"Kensington Gore, Knightsbridge",BikePoint,51.501432,-0.178656
BikePoints_259,"Bourne Street, Belgravia",BikePoint,51.490959,-0.153233
BikePoints_260,"Broadwick Street, Soho",BikePoint,51.513684,-0.13558
BikePoints_261,"Princes Square, Bayswater",BikePoint,51.513489,-0.191351
BikePoints_262,"LSBU (Borough Road), Elephant & Castle",BikePoint,51.498744,-0.103132
BikePoints_263,"St. Mary Axe, Aldgate",BikePoint,51.514225,-0.08066
BikePoints_264,"Tysoe Street, Clerkenwell",BikePoint,51.526443,-0.109256
BikePoints_265,"Southwick Street, Paddington",BikePoint,51.515953,-0.169249
BikePoints_266,"Queen's Gate (North), Kensington",BikePoint,51.501026,-0.180246
BikePoints_267,"Regency Street, Westminster",BikePoint,51.49206,-0.132224
BikePoints_268,"Belgrave Road, Victoria",BikePoint,51.493204,-0.144132
BikePoints_269,"Empire Square, The Borough",BikePoint,51.500823,-0.08974
BikePoints_271,"London Zoo,  The Regent's Park",BikePoint,51.535836,-0.156285
BikePoints_272,"Baylis Road, Waterloo",BikePoint,51.501444,-0.110699
BikePoints_273,"Belvedere Road 1, South Bank",BikePoint,51.506133,-0.114686
BikePoints_275,"Barbican Centre, Barbican",BikePoint,51.520044,-0.092176
BikePoints_276,"Lower Thames Street, Monument",BikePoint,51.509301,-0.084985
BikePoints_277,"Kensington Church Street, Kensington",BikePoint,51.503157,-0.191496
BikePoints_278,"Tooley Street, Bermondsey",BikePoint,51.503493,-0.07962
BikePoints_279,"North Wharf Road, Paddington",BikePoint,51.518623,-0.176603
BikePoints_280,"Royal Avenue 2, Chelsea",BikePoint,51.490083,-0.162418
BikePoints_281,"Smith Square, Westminster",BikePoint,51.495805,-0.127575
BikePoints_282,"Royal London Hospital, Whitechapel",BikePoint,51.518675,-0.06111
BikePoints_283,"Kingsway, Covent Garden",BikePoint,51.514409,-0.118478
BikePoints_284,"Lambeth North Station, Waterloo",BikePoint,51.49914,-0.112031
BikePoints_286,"St. John's Wood Road, St. John's Wood",BikePoint,51.527294,-0.174653
BikePoints_287,"Bedford Way, Bloomsbury",BikePoint,51.523673,-0.128377
BikePoints_288,"Elizabeth Bridge, Victoria",BikePoint,51.492369,-0.147478
BikePoints_289,"South Audley Street, Mayfair",BikePoint,51.50923,-0.151289
BikePoints_290,"St Mary's Hospital, Paddington",BikePoint,51.518268,-0.171103
BikePoints_291,"Claverton Street, Pimlico",BikePoint,51.484839,-0.138089
BikePoints_292,"Montpelier Street, Knightsbridge",BikePoint,51.498884,-0.165471
BikePoints_293,"Kensington Olympia Station, Olympia",BikePoint,51.498157,-0.209494
BikePoints_294,"St. George's Square, Pimlico",BikePoint,51.488226,-0.135635
BikePoints_295,"Swan Street, The Borough",BikePoint,51.500296,-0.092762
BikePoints_296,"Knaresborough Place, Earl's Court",BikePoint,51.493631,-0.190603
BikePoints_297,"Geraldine Street, Elephant & Castle",BikePoint,51.496127,-0.106
BikePoints_298,"Curlew Street, Shad Thames",BikePoint,51.502279,-0.074189
BikePoints_299,"Vincent Square, Westminster",BikePoint,51.493985,-0.136928
BikePoints_300,"Serpentine Car Park, Hyde Park",BikePoint,51.505014,-0.17306
BikePoints_301,"Marylebone Lane, Marylebone",BikePoint,51.514759,-0.148105
BikePoints_302,"Putney Pier, Wandsworth",BikePoint,51.466907,-0.216573
BikePoints_303,"Albert Gate, Hyde Park",BikePoint,51.502953,-0.158456
BikePoints_306,"Rathbone Street, Fitzrovia",BikePoint,51.518162,-0.135025
BikePoints_307,"Black Lion Gate, Kensington Gardens",BikePoint,51.509908,-0.187842
BikePoints_308,"Long Lane , Bermondsey",BikePoint,51.499075,-0.085666
BikePoints_309,"Embankment (Savoy), Strand",BikePoint,51.509631,-0.119047
BikePoints_310,"Black Prince Road, Vauxhall",BikePoint,51.490867,-0.116911
BikePoints_311,"Foley Street, Fitzrovia",BikePoint,51.519181,-0.140485
BikePoints_312,"Grove End Road, St. John's Wood",BikePoint,51.530889,-0.17677
BikePoints_313,"Wells Street, Fitzrovia",BikePoint,51.517344,-0.138072
BikePoints_314,"Tyers Gate, Bermondsey",BikePoint,51.500889,-0.083159
BikePoints_315,"The Tennis Courts, The Regent's Park",BikePoint,51.525367,-0.153463
BikePoints_316,"Warwick Row, Westminster",BikePoint,51.497998,-0.14296
BikePoints_317,"Dickens Square, Borough",BikePoint,51.496791,-0.093913
BikePoints_318,"Sackville Street, Mayfair",BikePoint,51.510048,-0.138846
BikePoints_319,"Baldwin Street, St. Luke's",BikePoint,51.527025,-0.088542
BikePoints_320,"Queen Mother Sports Centre, Victoria",BikePoint,51.493573,-0.139956
BikePoints_321,"Bermondsey Street, Bermondsey",BikePoint,51.497855,-0.081608
BikePoints_322,"Palissy Street, Shoreditch",BikePoint,51.526293,-0.073955
BikePoints_323,"Clifton Street, Shoreditch",BikePoint,51.523196,-0.083067
BikePoints_324,"Ontario Street, Elephant & Castle",BikePoint,51.49652,-0.101384
BikePoints_325,"St. Martin's Street, West End",BikePoint,51.509087,-0.129697
BikePoints_326,"Graham Street, Angel",BikePoint,51.532661,-0.099981
BikePoints_327,"Westbourne Green, Westbourne",BikePoint,51.522168,-0.192814
BikePoints_328,"New North Road 2, Hoxton",BikePoint,51.53114,-0.086016
BikePoints_329,"Prince Albert Road, The Regent's Park",BikePoint,51.535892,-0.160854
BikePoints_330,"Eastbourne Mews, Paddington",BikePoint,51.516417,-0.179135
BikePoints_331,"Bunhill Row, Moorgate",BikePoint,51.520858,-0.089887
BikePoints_332,"Nevern Place, Earl's Court",BikePoint,51.493343,-0.194757
BikePoints_333,"Palace Gardens Terrace, Notting Hill",BikePoint,51.508605,-0.193764
BikePoints_335,"Tavistock Street, Covent Garden",BikePoint,51.511968,-0.120718
BikePoints_337,"Pembridge Villas, Notting Hill",BikePoint,51.511084,-0.197524
BikePoints_338,"Wellington Street , Strand",BikePoint,51.511756,-0.119643
BikePoints_340,"Bank of England Museum, Bank",BikePoint,51.514441,-0.087587
BikePoints_341,"Craven Street, Strand",BikePoint,51.508103,-0.126021
BikePoints_343,"London Zoo Car Park, The Regent's Park",BikePoint,51.536922,-0.150181
BikePoints_344,"Goswell Road (City Uni), Finsbury",BikePoint,51.528246,-0.101026
BikePoints_345,"Flood Street, Chelsea",BikePoint,51.488023,-0.166878
BikePoints_348,"Grosvenor Square, Mayfair",BikePoint,51.51217,-0.150481
BikePoints_349,"St. George Street, Mayfair",BikePoint,51.51196,-0.142783
BikePoints_350,"Queen's Gate, Kensington Gardens",BikePoint,51.501715,-0.179854
BikePoints_351,"Macclesfield Rd, St Lukes",BikePoint,51.529423,-0.097122
BikePoints_352,"Vauxhall Street, Vauxhall",BikePoint,51.486965,-0.116625
BikePoints_353,"Greycoat Street , Westminster",BikePoint,51.494591,-0.134234
BikePoints_354,"Northumberland Avenue, Strand",BikePoint,51.506767,-0.123702
BikePoints_355,"Clapham Common Station, Clapham Common",BikePoint,51.461388,-0.139221
BikePoints_356,"South Kensington Station, South Kensington",BikePoint,51.494412,-0.173881
BikePoints_357,"Howland Street, Fitzrovia",BikePoint,51.520994,-0.139016
BikePoints_358,"High Holborn , Covent Garden",BikePoint,51.516226,-0.124826
BikePoints_359,"Butler Place, Westminster",BikePoint,51.497829,-0.13544
BikePoints_360,"Howick Place, Westminster",BikePoint,51.496753,-0.138733
BikePoints_361,"Waterloo Station 2, Waterloo",BikePoint,51.503919,-0.113426
BikePoints_362,"Royal College Street, Camden Town",BikePoint,51.536264,-0.133952
BikePoints_363,"Lord's, St. John's Wood",BikePoint,51.529121,-0.171185
BikePoints_364,"Store Street, Bloomsbury",BikePoint,51.519572,-0.13214
BikePoints_365,"City Road, Angel",BikePoint,51.530344,-0.100168
BikePoints_366,"Millennium Hotel, Mayfair",BikePoint,51.510919,-0.151126
BikePoints_367,"Harrowby Street, Marylebone",BikePoint,51.517372,-0.164207
BikePoints_368,"Harriet Street, Knightsbridge",BikePoint,51.500241,-0.15934
BikePoints_370,"Paddington Green, Paddington",BikePoint,51.520205,-0.174593
BikePoints_371,"King Edward Walk, Waterloo",BikePoint,51.49775,-0.10988
BikePoints_372,"Sardinia Street, Holborn",BikePoint,51.515208,-0.117863
BikePoints_373,"Prince Consort Road, Knightsbridge",BikePoint,51.499806,-0.176415
BikePoints_374,"Waterloo Station 1, Waterloo",BikePoint,51.504027,-0.113864
BikePoints_375,"Kensington Town Hall, Kensington",BikePoint,51.501945,-0.194392
BikePoints_376,"Millbank Tower, Pimlico",BikePoint,51.491884,-0.125674
BikePoints_377,"Waterloo Bridge, South Bank",BikePoint,51.505354,-0.113656
BikePoints_378,"Natural History Museum, South Kensington",BikePoint,51.495592,-0.179077
BikePoints_379,"Turquoise Island, Notting Hill",BikePoint,51.514311,-0.200838
BikePoints_380,"Stanhope Gate, Mayfair",BikePoint,51.506864,-0.150666
BikePoints_381,"Charlotte Street, Fitzrovia",BikePoint,51.51953,-0.135777
BikePoints_382,"Farm Street, Mayfair",BikePoint,51.509351,-0.147449
BikePoints_383,"Frith Street, Soho",BikePoint,51.513103,-0.131213
BikePoints_384,"Marloes Road, Kensington",BikePoint,51.496481,-0.192404
BikePoints_386,"Moor Street, Soho",BikePoint,51.513527,-0.13011
BikePoints_387,"Fire Brigade Pier, Vauxhall",BikePoint,51.493699,-0.121394
BikePoints_388,"Southampton Street, Strand",BikePoint,51.510701,-0.121723
BikePoints_389,"Upper Grosvenor Street, Mayfair",BikePoint,51.51013,-0.155757
BikePoints_390,"Buxton Street 1, Shoreditch",BikePoint,51.521776,-0.068856
BikePoints_391,"Clifford Street, Mayfair",BikePoint,51.510662,-0.142345
BikePoints_392,"Imperial College, Knightsbridge",BikePoint,51.499428,-0.179702
BikePoints_393,"Snow Hill, Farringdon",BikePoint,51.517334,-0.103604
BikePoints_394,"Aberdeen Place, St. John's Wood",BikePoint,51.524826,-0.176268
BikePoints_395,"Cadogan Gardens, Chelsea",BikePoint,51.492462,-0.159919
BikePoints_396,"Shouldham Street, Marylebone",BikePoint,51.51809,-0.163609
BikePoints_397,"Devonshire Terrace, Bayswater",BikePoint,51.51348,-0.17977
BikePoints_398,"Holland Park, Kensington",BikePoint,51.502319,-0.200742
BikePoints_399,"Brick Lane Market, Shoreditch",BikePoint,51.522617,-0.071653
BikePoints_400,"George Street, Marylebone",BikePoint,51.517703,-0.154106
BikePoints_401,"Columbia Road, Shoreditch",BikePoint,51.528187,-0.075375
BikePoints_402,"Penfold Street, Marylebone",BikePoint,51.522892,-0.171681
BikePoints_403,"George Place Mews, Marylebone",BikePoint,51.516892,-0.158249
BikePoints_404,"Palace Gate, Kensington Gardens",BikePoint,51.502042,-0.1844
BikePoints_405,"Gloucester Road Station, South Kensington",BikePoint,51.494185,-0.18267
BikePoints_408,"Sun Street, Liverpool Street",BikePoint,51.520009,-0.083935
BikePoints_409,"Strata, Elephant & Castle",BikePoint,51.493146,-0.099828
BikePoints_410,"Edgware Road Station, Marylebone",BikePoint,51.519968,-0.169774
BikePoints_411,"Rotherhithe Roundabout, Rotherhithe",BikePoint,51.499169,-0.055846
BikePoints_412,"Cleaver Street, Kennington",BikePoint,51.488105,-0.110121
BikePoints_419,"Chelsea Bridge, Pimlico",BikePoint,51.485821,-0.149004
BikePoints_421,"Southwark Station 2, Southwark",BikePoint,51.504044,-0.104778
BikePoints_423,"Eaton Square (South), Belgravia",BikePoint,51.494561,-0.153933
BikePoints_424,"Ebury Bridge, Pimlico",BikePoint,51.490491,-0.149186
BikePoints_425,"Camley Street, Camden Town",BikePoint,51.53792,-0.130529
BikePoints_426,"Vincent Street, Pimlico",BikePoint,51.493072,-0.129925
BikePoints_427,"Cheapside, Bank",BikePoint,51.51397,-0.09294
BikePoints_428,"Exhibition Road, Knightsbridge",BikePoint,51.499917,-0.174554
BikePoints_430,"South Parade, Chelsea",BikePoint,51.48902,-0.17524
BikePoints_431,"Crinan Street, King's Cross",BikePoint,51.534474,-0.122203
BikePoints_432,"Exhibition Road Museums 1, South Kensington",BikePoint,51.496468,-0.173796
BikePoints_433,"Wren Street, Holborn",BikePoint,51.524564,-0.116279
BikePoints_435,"Kennington Station, Kennington",BikePoint,51.488852,-0.105593
BikePoints_436,"Red Lion Street, Holborn",BikePoint,51.51824,-0.11655
BikePoints_437,"Vauxhall Walk, Vauxhall",BikePoint,51.488124,-0.120903
BikePoints_439,"Killick Street, King's Cross",BikePoint,51.5338,-0.118677
BikePoints_440,"Kennington Oval, Oval",BikePoint,51.483145,-0.113134
BikePoints_441,"Sail Street, Vauxhall",BikePoint,51.495656,-0.114605
BikePoints_442,"Walmer Road, Avondale",BikePoint,51.510101,-0.211358
BikePoints_443,"Philpot Street, Whitechapel",BikePoint,51.515256,-0.058641
BikePoints_444,"Bethnal Green Garden, Bethnal Green",BikePoint,51.52568,-0.055312
BikePoints_445,"Cheshire Street, Bethnal Green",BikePoint,51.52388,-0.065076
BikePoints_446,"York Hall, Bethnal Green",BikePoint,51.528936,-0.055894
BikePoints_447,"Jubilee Crescent, Cubitt Town",BikePoint,51.493381,-0.007542
BikePoints_448,"Fisherman's Walk West, Canary Wharf",BikePoint,51.50623,-0.02296
BikePoints_449,"Shadwell Station, Shadwell",BikePoint,51.511088,-0.057159
BikePoints_450,"Jubilee Street, Stepney",BikePoint,51.515975,-0.053177
BikePoints_451,"Hermitage Court, Wapping",BikePoint,51.504719,-0.063531
BikePoints_452,"St. Katharine's Way, Tower",BikePoint,51.505697,-0.070542
BikePoints_453,"Garnet Street, Shadwell",BikePoint,51.508447,-0.055167
BikePoints_454,"Napier Avenue, Millwall",BikePoint,51.487679,-0.021582
BikePoints_455,"East Ferry Road, Cubitt Town",BikePoint,51.49447,-0.014409
BikePoints_456,"Albert Street, Camden Town",BikePoint,51.537706,-0.144801
BikePoints_457,"Castlehaven Road, Camden Town",BikePoint,51.542138,-0.145393
BikePoints_458,"Wapping Lane, Wapping",BikePoint,51.504749,-0.057544
BikePoints_459,"Gunmakers Lane, Old Ford",BikePoint,51.535179,-0.03338
BikePoints_460,"Burdett Road, Mile End",BikePoint,51.516196,-0.029138
BikePoints_461,"Aston Street, Stepney",BikePoint,51.516,-0.038775
BikePoints_462,"Bonny Street, Camden Town",BikePoint,51.541603,-0.138853
BikePoints_463,"Thurtle Road, Haggerston",BikePoint,51.534776,-0.071881
BikePoints_464,"St. Mary & St. Michael Church, Stepney",BikePoint,51.51417,-0.052099
BikePoints_465,"Pitfield Street North,Hoxton",BikePoint,51.53558,-0.08249
BikePoints_466,"Whiston Road, Haggerston",BikePoint,51.534464,-0.076341
BikePoints_467,"Southern Grove, Bow",BikePoint,51.523538,-0.030556
BikePoints_468,"Cantrell Road, Bow",BikePoint,51.521564,-0.022694
BikePoints_469,"Lindfield Street, Poplar",BikePoint,51.513757,-0.020467
BikePoints_470,"Mostyn Grove, Bow",BikePoint,51.530535,-0.025492
BikePoints_471,"Hewison Street, Old Ford",BikePoint,51.533283,-0.028155
BikePoints_472,"Malmesbury Road, Bow",BikePoint,51.529452,-0.027616
BikePoints_473,"Millharbour, Millwall",BikePoint,51.496137,-0.019355
BikePoints_474,"Gascoyne Road, Victoria Park",BikePoint,51.541515,-0.038557
BikePoints_475,"Lightermans Road, Millwall",BikePoint,51.499041,-0.020157
BikePoints_476,"Stebondale Street, Cubitt Town",BikePoint,51.489096,-0.009205
BikePoints_477,"Spindrift Avenue, Millwall",BikePoint,51.49109,-0.018716
BikePoints_478,"Stepney Green Station, Stepney",BikePoint,51.521889,-0.04667
BikePoints_479,"Pott Street, Bethnal Green",BikePoint,51.527152,-0.058005
BikePoints_480,"Flamborough Street, Limehouse",BikePoint,51.512871,-0.038986
BikePoints_481,"Saunders Ness Road, Cubitt Town",BikePoint,51.487129,-0.009001
BikePoints_482,"Exhibition Road Museums 2, South Kensington",BikePoint,51.495947,-0.173689
BikePoints_483,"Albert Gardens, Stepney",BikePoint,51.51328,-0.047784
BikePoints_484,"Bromley High Street, Bow",BikePoint,51.528828,-0.013258
BikePoints_485,"Old Ford Road, Bethnal Green",BikePoint,51.531127,-0.048017
BikePoints_486,"Granby Street, Shoreditch",BikePoint,51.525645,-0.069543
BikePoints_487,"Canton Street, Poplar",BikePoint,51.511811,-0.025626
BikePoints_488,"Reardon Street, Wapping",BikePoint,51.506946,-0.058681
BikePoints_489,"Christian Street, Whitechapel",BikePoint,51.513074,-0.064094
BikePoints_490,"Pennington Street, Wapping",BikePoint,51.508622,-0.065006
BikePoints_491,"Queen Mary's, Mile End",BikePoint,51.522507,-0.041378
BikePoints_492,"Maplin Street, Mile End",BikePoint,51.525501,-0.032267
BikePoints_494,"South Quay East, Canary Wharf",BikePoint,51.50196,-0.016251
BikePoints_495,"Bow Church Station, Bow",BikePoint,51.528169,-0.018703
BikePoints_496,"Devons Road, Bow",BikePoint,51.52512,-0.015578
BikePoints_497,"Merchant Street, Bow",BikePoint,51.526578,-0.027581
BikePoints_498,"Bow Road Station, Bow",BikePoint,51.527058,-0.025296
BikePoints_499,"Furze Green, Bow",BikePoint,51.519265,-0.021345
BikePoints_500,"Ansell House, Stepney",BikePoint,51.520019,-0.05438
BikePoints_501,"Cephas Street, Bethnal Green",BikePoint,51.522561,-0.054883
BikePoints_502,"Bonner Gate, Victoria Park",BikePoint,51.53341,-0.049591
BikePoints_503,"Cleveland Way, Stepney",BikePoint,51.520893,-0.051394
BikePoints_504,"St. John's Park, Cubitt Town",BikePoint,51.496454,-0.009506
BikePoints_505,"Ackroyd Drive, Bow",BikePoint,51.520398,-0.026768
BikePoints_506,"Bell Lane, Liverpool Street",BikePoint,51.517475,-0.075855
BikePoints_507,"Clarkson Street, Bethnal Green",BikePoint,51.528692,-0.059091
BikePoints_508,"Fournier Street, Whitechapel",BikePoint,51.519362,-0.074431
BikePoints_509,"Fore Street Avenue, Guildhall",BikePoint,51.517842,-0.090075
BikePoints_510,"Westferry DLR, Limehouse",BikePoint,51.509303,-0.025996
BikePoints_511,"Sutton Street, Shadwell",BikePoint,51.511066,-0.053558
BikePoints_513,"Watney Market, Stepney",BikePoint,51.514222,-0.055656
BikePoints_514,"Portman Square, Marylebone",BikePoint,51.516204,-0.155525
BikePoints_515,"Russell Gardens, Olympia",BikePoint,51.500088,-0.211316
BikePoints_516,"Chrisp Street Market, Poplar",BikePoint,51.5112,-0.014438
BikePoints_517,"Ford Road, Old Ford",BikePoint,51.532513,-0.033085
BikePoints_518,"Antill Road, Mile End",BikePoint,51.528224,-0.037471
BikePoints_519,"Teviot Street, Poplar",BikePoint,51.518811,-0.011662
BikePoints_520,"Bancroft Road, Bethnal Green",BikePoint,51.526041,-0.047218
BikePoints_521,"Driffield Road, Old Ford",BikePoint,51.534137,-0.037366
BikePoints_522,"Clinton Road, Mile End",BikePoint,51.525941,-0.036017
BikePoints_523,"Langdon Park, Poplar",BikePoint,51.51549,-0.013475
BikePoints_524,"Lancaster Gate , Bayswater",BikePoint,51.511654,-0.179668
BikePoints_526,"Lancaster Drive, Blackwall",BikePoint,51.503143,-0.008428
BikePoints_527,"Hansard Mews, Holland Park",BikePoint,51.503802,-0.215808
BikePoints_528,"Clarges Street, Mayfair",BikePoint,51.507326,-0.145827
BikePoints_529,"Manresa Road, Chelsea",BikePoint,51.486892,-0.170983
BikePoints_530,"Newby Place, Poplar",BikePoint,51.508896,-0.012413
BikePoints_531,"Twig Folly Bridge, Mile End",BikePoint,51.530326,-0.042744
BikePoints_532,"Jubilee Plaza, Canary Wharf",BikePoint,51.5034,-0.020242
BikePoints_533,"Wellington Row, Bethnal Green",BikePoint,51.528222,-0.069743
BikePoints_534,"Goldsmith's Row, Haggerston",BikePoint,51.531864,-0.066035
BikePoints_535,"Gloucester Avenue, Camden Town",BikePoint,51.537349,-0.147154
BikePoints_536,"Queensbridge Road, Haggerston",BikePoint,51.53385,-0.06992
BikePoints_537,"Old Montague Street, Whitechapel",BikePoint,51.51793,-0.067937
BikePoints_538,"Naval Row, Blackwall",BikePoint,51.508981,-0.00699
BikePoints_539,"Hoxton Station, Hoxton",BikePoint,51.531091,-0.075901
BikePoints_540,"Albany Street, The Regent's Park",BikePoint,51.528302,-0.144466
BikePoints_541,"Green Park Station, Mayfair",BikePoint,51.506613,-0.142844
BikePoints_542,"Salmon Lane, Limehouse",BikePoint,51.514115,-0.033828
BikePoints_543,"Lansdowne Walk, Ladbroke Grove",BikePoint,51.509591,-0.204666
BikePoints_544,"Percival Street, Finsbury",BikePoint,51.526153,-0.102208
BikePoints_545,"Arlington Road, Camden Town",BikePoint,51.539957,-0.145246
BikePoints_546,"New Fetter Lane, Holborn",BikePoint,51.517428,-0.107987
BikePoints_547,"East India DLR, Blackwall",BikePoint,51.509474,-0.002275
BikePoints_548,"Westminster Bridge Road, Elephant & Castle",BikePoint,51.498386,-0.107913
BikePoints_549,"Gaywood  Street, Elephant & Castle",BikePoint,51.49605,-0.104193
BikePoints_550,"Harford Street, Mile End",BikePoint,51.521564,-0.039264
BikePoints_551,"Import Dock, Canary Wharf",BikePoint,51.505772,-0.01646
BikePoints_552,"Watney Street, Shadwell",BikePoint,51.511542,-0.056667
BikePoints_553,"Regent's Row , Haggerston",BikePoint,51.535678,-0.062546
BikePoints_554,"Aberfeldy Street, Poplar",BikePoint,51.513548,-0.005659
BikePoints_556,"Heron Quays DLR, Canary Wharf",BikePoint,51.502661,-0.021596
BikePoints_557,"King Edward Street, St Pauls",BikePoint,51.51601,-0.0985
BikePoints_558,"Page Street, Westminster",BikePoint,51.493978,-0.127554
BikePoints_559,"Abbotsbury Road, Holland Park",BikePoint,51.501391,-0.205991
BikePoints_560,"Ladbroke Grove Central, Ladbroke Grove",BikePoint,51.511624,-0.205921
BikePoints_561,"Rectory Square, Stepney",BikePoint,51.518369,-0.043371
BikePoints_562,"Bury Place, Holborn",BikePoint,51.51742,-0.123189
BikePoints_563,"Preston's Road, Cubitt Town",BikePoint,51.499286,-0.009152
BikePoints_564,"Somerset House, Strand",BikePoint,51.509943,-0.117619
BikePoints_565,"Selby Street, Whitechapel",BikePoint,51.521905,-0.063386
BikePoints_566,"Westfield Ariel Way, White City",BikePoint,51.509158,-0.224103
BikePoints_568,"Bishop's Bridge Road West, Bayswater",BikePoint,51.51616,-0.18697
BikePoints_569,"Pitfield Street Central, Hoxton",BikePoint,51.53213,-0.08299
BikePoints_570,"Upper Bank Street, Canary Wharf",BikePoint,51.503083,-0.017676
BikePoints_571,"Westfield Southern Terrace ,Shepherd's Bush",BikePoint,51.506256,-0.218337
BikePoints_572,"Greenland Road, Camden Town",BikePoint,51.539099,-0.141728
BikePoints_573,"Limerston Street, West Chelsea",BikePoint,51.485587,-0.18119
BikePoints_574,"Eagle Wharf Road, Hoxton",BikePoint,51.53356,-0.09315
BikePoints_576,"Alpha Grove, Millwall",BikePoint,51.497304,-0.022793
BikePoints_577,"Globe Town Market, Bethnal Green",BikePoint,51.528869,-0.047548
BikePoints_578,"Hollybush Gardens, Bethnal Green",BikePoint,51.527607,-0.057133
BikePoints_579,"Queen Street 2, Bank",BikePoint,51.511246,-0.093051
BikePoints_580,"Doddington Grove, Kennington",BikePoint,51.486929,-0.102996
BikePoints_581,"New Cavendish Street, Marylebone",BikePoint,51.519167,-0.147983
BikePoints_583,"Abingdon Green, Westminster",BikePoint,51.49764,-0.125972
BikePoints_584,"Ilchester Gardens, Bayswater",BikePoint,51.51244,-0.19096
BikePoints_586,"Mudchute DLR, Cubitt Town",BikePoint,51.490645,-0.014582
BikePoints_587,"Monument Street, Monument",BikePoint,51.50964,-0.08497
BikePoints_588,"Hoxton Street, Hoxton",BikePoint,51.52959,-0.0801
BikePoints_589,"Drayton Gardens, West Chelsea",BikePoint,51.487196,-0.179369
BikePoints_590,"Greenberry Street, St.John's Wood",BikePoint,51.53256,-0.16862
BikePoints_591,"Westfield Library Corner, Shepherd's Bush",BikePoint,51.506093,-0.224223
BikePoints_592,"Bishop's Bridge Road East, Bayswater",BikePoint,51.5171,-0.18377
BikePoints_593,"Northdown Street, King's Cross",BikePoint,51.531066,-0.11934
BikePoints_594,"Kingsway Southbound, Strand",BikePoint,51.513875,-0.117774
BikePoints_595,"Hammersmith Road, Hammersmith",BikePoint,51.493267,-0.21985
BikePoints_596,"Parson's Green , Parson's Green",BikePoint,51.472817,-0.199783
BikePoints_597,"Fulham Park Road, Fulham",BikePoint,51.473471,-0.20782
BikePoints_598,"Southerton Road, Hammersmith",BikePoint,51.494499,-0.228188
BikePoints_599,"Manbre Road, Hammersmith",BikePoint,51.485743,-0.223616
BikePoints_600,"South Lambeth Road, Vauxhall",BikePoint,51.481747,-0.124642
BikePoints_601,"BBC White City, White City",BikePoint,51.514767,-0.225787
BikePoints_602,"Union Grove, Wandsworth Road",BikePoint,51.472993,-0.133972
BikePoints_603,"Caldwell Street, Stockwell",BikePoint,51.477839,-0.116493
BikePoints_604,"St Martins Close, Camden Town",BikePoint,51.538792,-0.138535
BikePoints_605,"Seymour Place, Marylebone",BikePoint,51.520331,-0.163667
BikePoints_606,"Addison Road, Holland Park",BikePoint,51.504199,-0.210941
BikePoints_607,"Putney Bridge Station, Fulham",BikePoint,51.468814,-0.210279
BikePoints_608,"Colet Gardens, Hammersmith",BikePoint,51.491093,-0.216493
BikePoints_609,"Sugden Road, Clapham",BikePoint,51.465123,-0.157788
BikePoints_610,"Danvers Street, West Chelsea",BikePoint,51.482567,-0.172078
BikePoints_611,"Princedale Road , Holland Park",BikePoint,51.506465,-0.208486
BikePoints_612,"Wandsworth Rd, Isley Court, Wandsworth Road",BikePoint,51.469259,-0.141812
BikePoints_613,"Woodstock Grove, Shepherd's Bush",BikePoint,51.504038,-0.2174
BikePoints_614,"London Fields, Hackney Central",BikePoint,51.54119,-0.058826
BikePoints_615,"Finlay Street, Fulham",BikePoint,51.476885,-0.215895
BikePoints_616,"Aintree Street, Fulham",BikePoint,51.481021,-0.209973
BikePoints_617,"Elysium Place, Fulham",BikePoint,51.471079,-0.207842
BikePoints_618,"Eel Brook Common, Walham Green",BikePoint,51.476259,-0.193254
BikePoints_619,"Irene Road, Parsons Green",BikePoint,51.473763,-0.19701
BikePoints_620,"Surrey Lane, Battersea",BikePoint,51.47518,-0.16716
BikePoints_621,"Wandsworth Town Station, Wandsworth",BikePoint,51.460864,-0.187427
BikePoints_622,"Lansdowne Road, Ladbroke Grove",BikePoint,51.507481,-0.205535
BikePoints_623,"Nantes Close, Wandsworth",BikePoint,51.46193,-0.180791
BikePoints_624,"Courland Grove, Wandsworth Road",BikePoint,51.472918,-0.132102
BikePoints_625,"Queen's Circus, Battersea Park",BikePoint,51.477619,-0.149551
BikePoints_626,"Normand Park, West Kensington",BikePoint,51.484386,-0.204815
BikePoints_627,"Holden Street, Battersea",BikePoint,51.46879,-0.15823
BikePoints_628,"William Morris Way, Sands End",BikePoint,51.468819,-0.184318
BikePoints_629,"Morie Street, Wandsworth",BikePoint,51.459953,-0.190184
BikePoints_630,"Clarence Walk, Stockwell",BikePoint,51.470732,-0.126994
BikePoints_631,"Battersea Park Road, Nine Elms",BikePoint,51.479501,-0.14177
BikePoints_632,"Sheepcote Lane, Battersea",BikePoint,51.470538,-0.163041
BikePoints_633,"Vereker Road, West Kensington",BikePoint,51.489591,-0.209378
BikePoints_634,"Brook Green South, Brook Green",BikePoint,51.494347,-0.215804
BikePoints_635,"Greyhound Road, Hammersmith",BikePoint,51.486062,-0.214428
BikePoints_636,"South Park, Sands End",BikePoint,51.467064,-0.193502
BikePoints_637,"Spencer Park, Wandsworth Common",BikePoint,51.45787,-0.174691
BikePoints_638,"Falcon Road, Clapham Junction",BikePoint,51.466633,-0.169821
BikePoints_640,"Silverthorne Road, Battersea",BikePoint,51.472865,-0.148059
BikePoints_641,"Archbishop's Park, Waterloo",BikePoint,51.498241,-0.117495
BikePoints_643,"All Saints' Road, Portobello",BikePoint,51.519042,-0.204764
BikePoints_644,"Rainville Road, Hammersmith",BikePoint,51.483732,-0.223852
BikePoints_645,"Great Suffolk Street, The Borough",BikePoint,51.501732,-0.100292
BikePoints_646,"Buckingham Gate, Westminster",BikePoint,51.498865,-0.137424
BikePoints_647,"Richmond Way, Shepherd's Bush",BikePoint,51.500353,-0.217515
BikePoints_648,"Peterborough Road, Sands End",BikePoint,51.46904,-0.196274
BikePoints_649,"World's End Place, West Chelsea",BikePoint,51.481805,-0.180274
BikePoints_650,"St. Mark's Road, North Kensington",BikePoint,51.51687,-0.213872
BikePoints_651,"Thorndike Close, West Chelsea",BikePoint,51.480898,-0.183853
BikePoints_652,"Evesham Street, Avondale",BikePoint,51.511486,-0.21819
BikePoints_653,"Simpson Street, Clapham Junction",BikePoint,51.470847,-0.170703
BikePoints_654,"Ashmole Estate, Oval",BikePoint,51.482678,-0.117661
BikePoints_655,"Crabtree Lane, Fulham",BikePoint,51.482944,-0.219346
BikePoints_656,"Broomhouse Lane, Parsons Green",BikePoint,51.468418,-0.199135
BikePoints_658,"Ethelburga Estate, Battersea Park",BikePoint,51.477292,-0.164786
BikePoints_659,"Blackfriars Station, St. Paul's",BikePoint,51.511934,-0.103078
BikePoints_660,"West Kensington Station, West Kensington",BikePoint,51.49087,-0.206029
BikePoints_661,"All Saints Church, Portobello",BikePoint,51.51632,-0.202608
BikePoints_662,"Phene Street, Chelsea",BikePoint,51.484984,-0.167919
BikePoints_663,"Clarendon Road, Avondale",BikePoint,51.51323,-0.211593
BikePoints_664,"Austin Road, Battersea Park",BikePoint,51.474376,-0.155442
BikePoints_665,"Smugglers Way, Wandsworth",BikePoint,51.461083,-0.191722
BikePoints_666,"Harris Academy, Bermondsey",BikePoint,51.492668,-0.07235
BikePoints_667,"Shepherd's Bush Road North, Shepherd's Bush",BikePoint,51.501594,-0.222293
BikePoints_668,"Ravenscourt Park Station, Hammersmith",BikePoint,51.494223,-0.236769
BikePoints_669,"Teversham Lane, Stockwell",BikePoint,51.476149,-0.123258
BikePoints_670,"Ashley Crescent, Battersea",BikePoint,51.467185,-0.152248
BikePoints_671,"Parsons Green Station, Parsons Green",BikePoint,51.475089,-0.201968
BikePoints_672,"Chicheley Street, South Bank",BikePoint,51.502698,-0.116747
BikePoints_674,"Carnegie Street, King's Cross",BikePoint,51.535467,-0.116191
BikePoints_675,"Usk Road, Clapham Junction",BikePoint,51.463489,-0.182126
BikePoints_676,"Hartington Road, Stockwell",BikePoint,51.47787,-0.126874
BikePoints_677,"Heath Road, Battersea",BikePoint,51.468669,-0.146544
BikePoints_678,"Esmond Street, Putney",BikePoint,51.462312,-0.211468
BikePoints_679,"Orbel Street, Battersea",BikePoint,51.474535,-0.17021
BikePoints_680,"Westbridge Road, Battersea",BikePoint,51.477684,-0.170329
BikePoints_681,"Bishop's Avenue, Fulham",BikePoint,51.473036,-0.214749
BikePoints_682,"Crisp Road, Hammersmith",BikePoint,51.488108,-0.226606
BikePoints_683,"Dorothy Road, Clapham Junction",BikePoint,51.465064,-0.16375
BikePoints_684,"Neville Gill Close, Wandsworth",BikePoint,51.454752,-0.195197
BikePoints_685,"Osiers Road, Wandsworth",BikePoint,51.46067,-0.198735
BikePoints_686,"Beryl Road, Hammersmith",BikePoint,51.488144,-0.222456
BikePoints_687,"Clements Road, Bermondsey",BikePoint,51.4954,-0.061698
BikePoints_688,"Northfields, Wandsworth",BikePoint,51.460951,-0.200667
BikePoints_689,"Spanish Road, Clapham Junction",BikePoint,51.459225,-0.180884
BikePoints_690,"Stanley Grove, Battersea",BikePoint,51.470475,-0.15213
BikePoints_691,"Erin Close, Walham Green",BikePoint,51.479463,-0.195777
BikePoints_692,"Cadogan Close, Victoria Park",BikePoint,51.542118,-0.028941
BikePoints_693,"Felsham Road, Putney",BikePoint,51.464786,-0.215618
BikePoints_694,"Putney Rail Station, Putney",BikePoint,51.460717,-0.216526
BikePoints_695,"Islington Green, Angel",BikePoint,51.536384,-0.102757
BikePoints_696,"Charing Cross Hospital, Hammersmith",BikePoint,51.487285,-0.217995
BikePoints_697,"Charlotte Terrace, Angel",BikePoint,51.536392,-0.112721
BikePoints_698,"Shoreditch Court, Haggerston",BikePoint,51.539083,-0.070329
BikePoints_699,"Belford House, Haggerston",BikePoint,51.536654,-0.07023
BikePoints_700,"Battersea Church Road, Battersea",BikePoint,51.476964,-0.174347
BikePoints_701,"Vicarage Crescent, Battersea",BikePoint,51.472876,-0.176267
BikePoints_702,"Durant Street, Bethnal Green",BikePoint,51.528681,-0.06555
BikePoints_703,"St. Bride Street, Holborn",BikePoint,51.515059,-0.105344
BikePoints_704,"Mexfield Road, East Putney",BikePoint,51.45682,-0.202802
BikePoints_705,"Upper Richmond Road, Putney",BikePoint,51.459715,-0.212145
BikePoints_706,"Snowsfields, London Bridge",BikePoint,51.502153,-0.083632
BikePoints_707,"Barons Court Station, West Kensington",BikePoint,51.490217,-0.215087
BikePoints_708,"Disraeli Road, Putney",BikePoint,51.46161,-0.216145
BikePoints_709,"Montserrat Road , Putney",BikePoint,51.463211,-0.21555
BikePoints_710,"Albert Bridge Road, Battersea Park",BikePoint,51.474392,-0.163347
BikePoints_711,"Everington Street, Fulham",BikePoint,51.483356,-0.216305
BikePoints_712,"Mile End Stadium, Mile End",BikePoint,51.518541,-0.034903
BikePoints_713,"Hawley Crescent, Camden Town",BikePoint,51.541007,-0.14326
BikePoints_714,"Stewart's Road, Wandsworth Road",BikePoint,51.473116,-0.137235
BikePoints_715,"Aylward Street, Stepney",BikePoint,51.51563,-0.049067
BikePoints_716,"Stainsby Road , Poplar",BikePoint,51.515427,-0.023565
BikePoints_717,"Dunston Road , Haggerston",BikePoint,51.536585,-0.075885
BikePoints_718,"Ada Street, Hackney Central",BikePoint,51.535716,-0.060291
BikePoints_719,"Victoria Park Road, Hackney Central",BikePoint,51.536424,-0.054162
BikePoints_720,"Star Road, West Kensington",BikePoint,51.487244,-0.205279
BikePoints_721,"Wendon Street, Old Ford",BikePoint,51.536039,-0.026262
BikePoints_722,"Finnis Street, Bethnal Green",BikePoint,51.524583,-0.058631
BikePoints_723,"Stephendale Road, Sands End",BikePoint,51.46822,-0.190346
BikePoints_724,"Alma Road, Wandsworth",BikePoint,51.457991,-0.184806
BikePoints_725,"Walworth Square, Walworth",BikePoint,51.491327,-0.096518
BikePoints_726,"Alfreda Street, Battersea Park",BikePoint,51.47505,-0.150908
BikePoints_727,"Chesilton Road, Fulham",BikePoint,51.475698,-0.205876
BikePoints_728,"Putney Bridge Road, East Putney",BikePoint,51.461999,-0.20624
BikePoints_729,"St. Peter's Terrace, Fulham",BikePoint,51.478939,-0.208485
BikePoints_730,"Bridge Avenue, Hammersmith",BikePoint,51.492084,-0.229116
BikePoints_731,"Michael Road, Walham Green",BikePoint,51.477276,-0.18921
BikePoints_732,"Duke Street Hill, London Bridge",BikePoint,51.506304,-0.087262
BikePoints_733,"Park Lane, Mayfair",BikePoint,51.505426,-0.150817
BikePoints_734,"Plough Terrace, Clapham Junction",BikePoint,51.462305,-0.175407
BikePoints_735,"Grant Road East, Clapham Junction",BikePoint,51.464894,-0.173029
BikePoints_736,"Queensdale Road, Shepherd's Bush",BikePoint,51.50659,-0.216104
BikePoints_737,"Fulham Broadway, Walham Green",BikePoint,51.479932,-0.194116
BikePoints_738,"Imperial Road, Sands End",BikePoint,51.475142,-0.187278
BikePoints_739,"Hortensia Road, West Brompton",BikePoint,51.481765,-0.185273
BikePoints_740,"Sirdar Road, Avondale",BikePoint,51.510928,-0.214594
BikePoints_741,"Freston Road, Avondale",BikePoint,51.512981,-0.219486
BikePoints_742,"Blenheim Crescent, Ladbroke Grove",BikePoint,51.515108,-0.208565
BikePoints_743,"Oxford Road, Putney",BikePoint,51.460792,-0.212607
BikePoints_744,"Ingrave Street, Clapham Junction",BikePoint,51.467454,-0.172293
BikePoints_745,"Upcerne Road, West Chelsea",BikePoint,51.478169,-0.182435
BikePoints_746,"Lots Road, West Chelsea",BikePoint,51.479573,-0.179038
BikePoints_747,"Ormonde Gate, Chelsea",BikePoint,51.487964,-0.161765
BikePoints_748,"Hertford Road, De Beauvoir Town",BikePoint,51.537277,-0.079201
BikePoints_749,"Haggerston Road, Haggerston",BikePoint,51.539328,-0.074284
BikePoints_750,"Culvert Road, Battersea",BikePoint,51.471095,-0.15785
BikePoints_751,"Newton Street, Covent Garden",BikePoint,51.516128,-0.120909
BikePoints_752,"London Street, Paddington",BikePoint,51.515117,-0.173712
BikePoints_753,"Clapham South, Clapham South",BikePoint,51.452997,-0.148651
BikePoints_754,"Grenfell Road, Avondale",BikePoint,51.5129,-0.214762
BikePoints_755,"The Vale, Chelsea",BikePoint,51.485121,-0.174971
BikePoints_756,"Prince of Wales Drive, Battersea Park",BikePoint,51.475153,-0.159169
BikePoints_757,"Harcourt Terrace, West Brompton",BikePoint,51.487958,-0.187404
BikePoints_758,"Westbourne Park Road, Portobello",BikePoint,51.51787,-0.201005
BikePoints_759,"Broadley Terrace, Marylebone",BikePoint,51.524561,-0.165668
BikePoints_760,"Elgin Avenue, Maida Hill",BikePoint,51.524309,-0.201234
BikePoints_761,"Humbolt Road, Fulham",BikePoint,51.483217,-0.21186
BikePoints_762,"Storey's Gate, Westminster",BikePoint,51.500703,-0.129698
BikePoints_763,"Mile End Park Leisure Centre, Mile End",BikePoint,51.520597,-0.032566
BikePoints_764,"St. John's Road, Clapham Junction",BikePoint,51.462392,-0.168292
BikePoints_765,"Ranelagh Gardens, Fulham",BikePoint,51.467601,-0.206827
BikePoints_766,"Ram Street, Wandsworth",BikePoint,51.457529,-0.192165
BikePoints_767,"Santos Road, Wandsworth",BikePoint,51.457059,-0.200806
BikePoints_769,"Sandilands Road, Walham Green",BikePoint,51.473611,-0.191803
BikePoints_770,"Gwendwr Road, West Kensington",BikePoint,51.491026,-0.209121
BikePoints_771,"Rifle Place, Avondale",BikePoint,51.509224,-0.216016
BikePoints_772,"Binfield Road, Stockwell",BikePoint,51.472509,-0.122831
BikePoints_773,"Tallis Street, Temple",BikePoint,51.511891,-0.107349
BikePoints_774,"Hurlingham Park, Parsons Green",BikePoint,51.470131,-0.20464
BikePoints_775,"Little Brook Green, Brook Green",BikePoint,51.496664,-0.223868
BikePoints_779,"Houndsditch, Aldgate",BikePoint,51.514449,-0.077178
BikePoints_780,"Imperial Wharf Station, Sands End",BikePoint,51.474665,-0.183165
BikePoints_781,"Victoria & Albert Museum, South Kensington",BikePoint,51.495898,-0.173009
BikePoints_782,"Halford Road, West Kensington",BikePoint,51.483911,-0.197609
BikePoints_783,"Monier Road, Hackney Wick",BikePoint,51.540311,-0.02163
BikePoints_784,"East Village, Queen Elizabeth Olympic Park",BikePoint,51.546326,-0.009935
BikePoints_785,"Aquatic Centre, Queen Elizabeth Olympic Park",BikePoint,51.541482,-0.010437
BikePoints_786,"Lee Valley VeloPark, Queen Elizabeth Olympic Park",BikePoint,51.549369,-0.015717
BikePoints_787,"Timber Lodge, Queen Elizabeth Olympic Park",BikePoint,51.546805,-0.014691
BikePoints_788,"Copper Box Arena, Queen Elizabeth Olympic Park",BikePoint,51.544909,-0.020542
BikePoints_789,"Podium, Queen Elizabeth Olympic Park",BikePoint,51.538718,-0.011889
BikePoints_790,"Stratford Station, Stratford",BikePoint,51.541793,-0.00481
BikePoints_792,"Blackfriars Road, Southwark",BikePoint,51.505461,-0.10454
BikePoints_793,"Cromer Street, Bloomsbury",BikePoint,51.528279,-0.119558
BikePoints_795,"Euston Square Gardens, Euston",BikePoint,51.527068,-0.131861
BikePoints_796,"Coram Street, Bloomsbury",BikePoint,51.524,-0.126409
BikePoints_797,"Ossulston Street, Somers Town",BikePoint,51.5293,-0.128279
BikePoints_798,"Birkenhead Street, King's Cross",BikePoint,51.530199,-0.122299
BikePoints_799,"Kings Gate House, Westminster",BikePoint,51.497698,-0.137598
BikePoints_800,"Sopwith Way, Battersea Park",BikePoint,51.481121,-0.149035
BikePoints_801,"Lavington Street, Bankside",BikePoint,51.505224,-0.098031
BikePoints_802,"Albert Square, Stockwell",BikePoint,51.47659,-0.118256
BikePoints_803,"Southwark Street, Bankside",BikePoint,51.505409,-0.098341
BikePoints_804,"Good's Way, King's Cross",BikePoint,51.534667,-0.125078
BikePoints_805,"The Metropolitan, Portobello",BikePoint,51.520509,-0.200804
BikePoints_807,"Bevington Road West, North Kensington",BikePoint,51.5212,-0.208888
BikePoints_808,"Gauden Road, Clapham",BikePoint,51.464995,-0.130908
BikePoints_809,"Lincoln's Inn Fields, Holborn",BikePoint,51.516277,-0.118272
BikePoints_810,"Tate Modern, Bankside",BikePoint,51.506725,-0.098807
BikePoints_811,"Westferry Circus, Canary Wharf",BikePoint,51.505703,-0.027772
BikePoints_812,"Here East North, Queen Elizabeth Olympic Park",BikePoint,51.548731,-0.022606
BikePoints_813,"New Spring Gardens Walk, Vauxhall",BikePoint,51.487807,-0.122759
BikePoints_814,"Clapham Road, Lingham Street, Stockwell",BikePoint,51.471433,-0.12367
BikePoints_815,"Lambeth Palace Road, Waterloo",BikePoint,51.500089,-0.116628
BikePoints_816,"Here East South, Queen Elizabeth Olympic Park",BikePoint,51.546532,-0.020597
BikePoints_817,"Riverlight South, Nine Elms",BikePoint,51.481335,-0.138212
BikePoints_818,"Westminster Pier, Westminster",BikePoint,51.501513,-0.123823
BikePoints_819,"Belvedere Road 2, South Bank",BikePoint,51.50621,-0.114842
BikePoints_820,"Victory Place, Walworth",BikePoint,51.492807,-0.091938
BikePoints_821,"Battersea Power Station, Battersea Park",BikePoint,51.483507,-0.147714
BikePoints_826,"Allington Street, Victoria",BikePoint,51.496863,-0.142943
BikePoints_827,"Cranmer Road, Stockwell",BikePoint,51.479601,-0.111471
BikePoints_828,"Normandy Road, Stockwell",BikePoint,51.473874,-0.11258
BikePoints_829,"Wynne Road, Stockwell",BikePoint,51.469217,-0.112686
BikePoints_830,"Sidney Road, Stockwell",BikePoint,51.469202,-0.119022
BikePoints_831,"St John's Crescent, Brixton",BikePoint,51.466232,-0.113179
BikePoints_832,"Ferndale Road, Brixton",BikePoint,51.464019,-0.115781
BikePoints_833,"Saltoun Road, Brixton",BikePoint,51.460232,-0.115375
BikePoints_834,"Gas Holders, Battersea Park",BikePoint,51.477966,-0.147857
BikePoints_835,"Farringdon Street, Holborn",BikePoint,51.516785,-0.104947
BikePoints_836,"York Way, Kings Cross",BikePoint,51.541596,-0.125441
BikePoints_838,"Fore Street, Guildhall",BikePoint,51.518093,-0.091401
BikePoints_839,"Sea Containers, South Bank",BikePoint,51.508033,-0.106823
BikePoints_840,"George Row, Bermondsey",BikePoint,51.498585,-0.068981
BikePoints_841,"Tower Wharf, Bermondsey",BikePoint,51.500845,-0.074704
BikePoints_842,"Temple Gardens, Temple",BikePoint,51.510981,-0.108322
BikePoints_844,"Canada Water Station, Rotherhithe",BikePoint,51.498439,-0.04915
BikePoints_845,"Bermondsey Station, Bermondsey",BikePoint,51.497995,-0.063471
BikePoints_846,"Burgess Park Albany Road, Walworth",BikePoint,51.48224,-0.094284
BikePoints_849,"Crimscott Street, Bermondsey",BikePoint,51.495598,-0.078893
BikePoints_850,"Brandon Street, Walworth",BikePoint,51.489102,-0.091548
BikePoints_851,"The Blue, Bermondsey",BikePoint,51.492221,-0.062513
BikePoints_852,"Coomer Place, West Kensington",BikePoint,51.48357,-0.202038
BikePoints_857,"Strand, Strand",BikePoint,51.512582,-0.115057
BikePoints_864,"Abbey Orchard Street, Westminster",BikePoint,51.498125,-0.132102
BikePoints_865,"Leonard Circus , Shoreditch",BikePoint,51.524696,-0.084439
BikePoints_866,"Limburg Road, Clapham Junction",BikePoint,51.461923,-0.165297
BikePoints_867,"Pritchard's Road, Bethnal Green",BikePoint,51.532091,-0.061419
BikePoints_868,"Kennington Lane Rail Bridge, Vauxhall",BikePoint,51.486343,-0.122492
BikePoints_869,"Albert Embankment, Vauxhall",BikePoint,51.490435,-0.122806
BikePoints_870,"Lower Marsh, Waterloo",BikePoint,51.500139,-0.113935
BikePoints_872,"Risinghill Street, Angel",BikePoint,51.533319,-0.111781
BikePoints_873,"St. Pancras Way, Camden Town",BikePoint,51.537071,-0.13285
BikePoints_874,"Handyside Street, King's Cross",BikePoint,51.53724,-0.124807
BikePoints_875,"Victoria Rise, Clapham Common",BikePoint,51.461376,-0.147804
BikePoints_876,"Old Quebec Street, Marylebone",BikePoint,51.514577,-0.158264
BikePoints_843,"Rotherhithe Roundabout, Rotherhithe Temp",BikePoint,51.499169,-0.055846
BikePoints_642,"Fawcett Close, Battersea",BikePoint,51.469161,-0.174485
BikePoints_274,"Warwick Road, Olympia",BikePoint,51.496712,-0.205284
BikePoints_768,"Clapham Common North Side, Clapham Common",BikePoint,51.461343,-0.159322
BikePoints_525,"Blythe Road, Olympia",BikePoint,51.496927,-0.2135
BikePoints_673,"Hibbert Street, Battersea",BikePoint,51.46517,-0.180389
BikePoints_657,"Blythe Road West, Shepherd's Bush",BikePoint,51.49968,-0.221791
